Geo_FIPS,total_pop,pop_under18_per,pop_over65_per,pop_65_alone_per,pop_male_per,chd_dec,diabetes_dec,phlth_dec,popdens,housing_dens,canopy_per,veg_per,imperv_per,mtemp_16_20,pop_edu_per,pop_renter_per,cogdif_per,pop_foreignb_per,lep_per,pop_bipoc_per,sensitivity,exposure,adaptcap,hvi,sens_pct,exp_pct,adcap_pct,hvi_pct
41051000101,2740,0.1839416058,0.1416058394,0.3453608247,0.4974452555,0.037,0.056,0.088,9951.854436,5041.304364,0.2140138785,0.00884086444,0.5296070727,84,0.2909815645,0.4916058394,0.1086873326,0.03175182482,0.004571428571,0.149270073,-0.8466774169,0.1553741166,-1.304705568,-1.996008868,36.54822335,54.82233503,12.18274112,28.93401015
41051000102,3853,0.2026991954,0.1385933039,0.1947565543,0.4861147158,0.037,0.056,0.088,6086.129664,2541.547529,0.2374222445,0.2419089413,0.1744743097,79,0.2692973347,0.220607319,0.01253132832,0.0511289904,0,0.1326239294,-1.07806693,-2.886764436,-0.9317949135,-4.89662628,32.48730964,6.091370558,21.31979695,4.060913706
41051000201,3578,0.1908887647,0.1383454444,0.3636363636,0.4309670207,0.045,0.065,0.106,9475.198254,3874.291516,0.2459049566,0.1247216036,0.5236302895,84,0.5761957731,0.3345444382,0.09059131955,0.06987143656,0.02912904165,0.1447736165,0.5033296281,0.1983019852,-0.5202998756,0.1813317377,58.37563452,56.34517766,35.53299492,57.8680203
41051000202,2743,0.1647830842,0.2023332118,0.6252252252,0.474662778,0.045,0.065,0.106,6172.56236,3247.177355,0.1625555861,0.0030651341,0.7029118774,84,0.4114701866,0.5238789646,0.04639940609,0.04338315713,0,0.1567626686,1.662244182,-0.1362514057,0.02955888618,1.555551662,76.14213198,38.5786802,55.32994924,70.05076142
41051000301,6136,0.1359191656,0.1127770535,0.289017341,0.482398957,0.043,0.058,0.098,9183.955785,3270.362352,0.2842013961,0.1902552204,0.5013727765,83,0.4584770496,0.350065189,0.0785144989,0.06192959583,0,0.2504889179,-1.406484348,-0.2706444311,-1.159137334,-2.836266113,26.39593909,35.02538071,14.21319797,16.75126904
41051000302,7681,0.2321312329,0.1614373128,0.1620967742,0.4798854316,0.041,0.059,0.085,7344.383182,2621.832923,0.3937445114,0.1741321389,0.387256439,82,0.2972924511,0.1105324827,0.03750689465,0.06092956646,0.006756756757,0.1322744434,-0.1989319981,-1.422326816,-1.537391927,-3.158650742,46.70050761,14.72081218,7.614213198,12.69035533
41051000401,3934,0.2036095577,0.1009150991,0.1662468514,0.5091509914,0.038,0.056,0.093,7895.281192,3022.44369,0.2688624146,0.03843605036,0.5615838304,82,0.4095588235,0.3144382308,0.1172395417,0.06253177428,0.00583090379,0.1382816472,-1.606166012,-1.1288792,-1.572043762,-4.307088974,23.85786802,18.78172589,6.598984772,6.091370558
41051000402,3635,0.1790921596,0.1081155433,0.3435114504,0.5111416781,0.038,0.06,0.099,8042.460474,3380.709657,0.221571849,7.68E-04,0.5850921659,85,0.5491834409,0.3584594223,0.06333234685,0.1020632737,0.01708394698,0.1892709766,-1.097051261,0.241851356,-0.08579813725,-0.9409980426,31.47208122,58.88324873,50.76142132,44.16243655
41051000501,4355,0.2057405281,0.07784156142,0.3185840708,0.4890929966,0.038,0.062,0.112,10053.39588,4129.856541,0.208095926,7.99E-04,0.6204313099,85,0.5128365686,0.3008036739,0.07654198662,0.09207807118,0.01139459995,0.2142365098,-0.8902762871,0.6669336673,-0.782441787,-1.005784407,35.02538071,76.14213198,28.93401015,42.63959391
41051000502,4901,0.1671087533,0.1158947154,0.448943662,0.4974495001,0.041,0.067,0.111,9493.733637,3717.297459,0.2020877493,0.0225,0.6535875,86,0.6012691698,0.3703325852,0.09386281588,0.1828198327,0.03886175409,0.3301367068,-0.2380443415,1.105518601,-0.03436101498,0.8331132446,46.1928934,86.29441624,51.77664975,61.92893401
41051000601,5597,0.2317312846,0.09040557441,0.3675889328,0.5765588708,0.045,0.08,0.134,8319.164466,3426.062908,0.1858247003,0.08728400532,0.5691758972,85,0.6920180723,0.3030194747,0.05204745503,0.1658031088,0.03444316877,0.332142219,0.5725807137,0.5155143417,0.3431550665,1.431250122,60.40609137,69.03553299,62.94416244,67.51269036
41051000602,6384,0.2139724311,0.1010338346,0.1472868217,0.5339912281,0.048,0.083,0.137,10500.06438,3552.653363,0.1571481785,0.01954397394,0.6590445168,84,0.7587301587,0.4591165414,0.05562892044,0.2395050125,0.07136970496,0.4710213033,0.236752733,0.4297000543,1.440747132,2.107199919,54.82233503,65.4822335,89.34010152,76.14213198
41051000701,4924,0.1795288383,0.1309910642,0.3302325581,0.5125913891,0.044,0.071,0.106,9216.170951,3752.725986,0.2195103335,0.01074589128,0.5997597977,85,0.5012028869,0.2599512591,0.02189781022,0.1157595451,0.01889222842,0.2583265638,-0.1249180322,0.4873432194,-0.1213346304,0.2410905568,48.73096447,68.02030457,48.22335025,59.39086294
41051000702,5517,0.1694761646,0.1531629509,0.3041420118,0.5060721407,0.049,0.077,0.121,10328.32452,3757.286083,0.2039367699,0.01342710997,0.6111636829,85,0.5790563867,0.3059633859,0.0582278481,0.178720319,0.04488923436,0.3770164945,0.6454883956,0.6848876164,0.01359703975,1.343973052,62.43654822,76.64974619,53.29949239,65.98984772
41051000801,5111,0.1733515946,0.09019761299,0.4685466377,0.4554881628,0.037,0.058,0.096,9140.653681,4018.596913,0.2437294192,0.04385458742,0.5907270629,85,0.464294663,0.4249657601,0.09538274605,0.1119154764,0.01073309032,0.2406574056,-0.9263150284,0.5314494936,-0.6061353215,-1.001000856,34.01015228,70.55837563,31.97969543,43.14720812
41051000802,5251,0.1403542182,0.07446200724,0.4398976982,0.4993334603,0.033,0.054,0.099,10825.62535,4504.664139,0.2260303099,0.03385240352,0.6274610697,85,0.5020566175,0.4583888783,0.04925613189,0.0740811274,0.002202643172,0.2308131784,-2.132675589,0.8719859128,-0.03890939202,-1.299599069,17.25888325,80.7106599,51.26903553,38.5786802
41051000901,4366,0.1601007787,0.08634906093,0.4190981432,0.5155748969,0.03,0.048,0.082,10791.95804,4565.448121,0.28344828,0.001596169194,0.5856664006,84,0.3017953833,0.4963353184,0.01011097411,0.06596426935,0.01146341463,0.239349519,-2.423745033,0.2015877319,0.1418627935,-2.080294507,13.70558376,57.36040609,58.88324873,26.9035533
41051000902,5441,0.1635728726,0.07075905164,0.2051948052,0.4668259511,0.038,0.061,0.111,14663.98674,5570.751811,0.2250085784,0.02513464991,0.6476840215,84,0.552138395,0.6340746186,0.09145129225,0.1334313545,0.01200078694,0.3605954788,-1.85341091,1.07053039,0.2994380043,-0.4834425157,21.82741117,85.27918782,61.92893401,50.76142132
41051001000,6127,0.1335074261,0.06561122899,0.2263681592,0.4876774931,0.03,0.047,0.091,6427.376754,2789.357726,0.1706948546,0.01656095842,0.7477448908,84,0.4310556465,0.5239105598,0.05231967491,0.04325118329,0.004740941416,0.2358413579,-3.439793604,-0.044594744,-0.2230610308,-3.707449379,6.598984772,41.11675127,46.70050761,10.15228426
41051001101,2848,0.02141853933,0.05372191011,0.3790849673,0.5926966292,0.034,0.054,0.109,5495.510759,3440.483035,0.07581984295,0.01026472177,0.7733819557,87,0.4667426834,0.827247191,0.1381037567,0.05301966292,0,0.2851123596,-4.343475076,1.363798386,-0.2310960757,-3.210772766,3.553299492,89.84771574,45.17766497,12.18274112
41051001102,1490,0.1214765101,0.1046979866,0.2692307692,0.5241610738,0.029,0.047,0.081,4710.338191,2206.587958,0.1573730688,0.001084598698,0.8061062907,86,0.3124477861,0.5026845638,0.0475177305,0.1073825503,0.02248770204,0.2201342282,-3.314555395,0.6236459067,0.1103573129,-2.580552175,8.121827411,74.61928934,57.8680203,21.82741117
41051001202,3466,0.1180034622,0.1904212349,0.05,0.5522215811,0.032,0.049,0.079,9850.959491,4237.674726,0.2943614455,0.008687258687,0.5667471042,84,0.366,0.2608193883,0.009128386337,0.07501442585,0,0.114829775,-2.860552382,0.01085948545,-0.2497068167,-3.099399713,10.65989848,45.68527919,44.67005076,13.70558376
41051001203,2631,0.07715697453,0.1174458381,0.3106796117,0.5613835044,0.023,0.036,0.08,18132.531,9297.143415,0.2966131114,0,0.6455608592,84,0.3715308863,0.7267198784,0.03167246041,0.05815279361,0.00344695519,0.1383504371,-4.377287441,1.727965479,1.143730654,-1.505591308,3.045685279,91.87817259,80.20304569,35.02538071
41051001204,2838,0.05919661734,0.06518675123,0.4162162162,0.3322762509,0.023,0.036,0.08,17774.84056,9382.209712,0.3609901218,0.1042345277,0.5426547231,82,0.4176313446,0.9066243834,0.005376344086,0.05214940099,0,0.1634954193,-4.02002606,0.7935486852,2.203527123,-1.022950253,4.568527919,78.68020305,97.46192893,41.62436548
41051001301,4082,0.1197942185,0.09186673199,0.328,0.4527192553,0.029,0.042,0.078,14378.27505,6713.618873,0.2719529473,0.002418379686,0.6590931076,85,0.3072808321,0.6104850563,0.03504611331,0.07790298873,0.004844467109,0.1251837335,-3.171814375,1.474357509,0.6685315773,-1.028925289,8.629441624,90.86294416,71.57360406,41.11675127
41051001302,3756,0.1658679446,0.07720979766,0.2689655172,0.4898828541,0.03,0.047,0.079,13185.64783,5831.033292,0.2722403341,0.01184834123,0.6070616114,84,0.27766463,0.3993610224,0.03065241845,0.08706070288,0,0.1035676251,-2.913841374,0.7242137772,-0.08712413204,-2.276751729,10.15228426,77.66497462,50.25380711,24.36548223
41051001400,5997,0.172086043,0.1048857762,0.4610492846,0.5304318826,0.028,0.045,0.086,12933.61156,5764.806355,0.2391276082,0,0.6511934766,85,0.3926803014,0.4730698683,0.06335797254,0.06870101718,0.01423299947,0.2236118059,-2.0751249,1.217780293,-0.3866899101,-1.244034517,19.2893401,87.30964467,40.10152284,39.59390863
41051001500,3789,0.2261810504,0.1021377672,0.2041343669,0.4901029295,0.036,0.056,0.092,10004.48318,3870.829333,0.3054054261,0.01008249313,0.5390742438,83,0.2827205882,0.2116653471,0.01575931232,0.05964634468,0,0.1649511745,-1.232530997,-0.5008950743,-1.017633908,-2.751059979,30.96446701,29.44162437,17.76649746,17.76649746
41051001601,5738,0.1443011502,0.2166260021,0.477071601,0.4405716277,0.057,0.078,0.116,6816.356293,2941.320701,0.335525688,0.1714110805,0.451322314,81,0.4441964286,0.3311258278,0.05390334572,0.07337051237,0.01733260354,0.2312652492,2.421935369,-1.691409869,-0.6666822404,0.06384325943,85.27918782,12.69035533,31.47208122,57.36040609
41051001602,5024,0.1646098726,0.1086783439,0.2802197802,0.5748407643,0.047,0.08,0.124,8370.385735,3388.806645,0.1930182941,0.02964959569,0.5953045822,85,0.5555268595,0.2707006369,0.09902000817,0.2484076433,0.1269614836,0.4633757962,-0.3794089578,0.416687031,0.02586506636,0.0631431395,43.14720812,64.97461929,54.82233503,56.85279188
41051001702,4042,0.1432459179,0.1239485403,0.3113772455,0.5032162296,0.041,0.069,0.117,8115.415536,3150.1947,0.2063525154,0.03026227303,0.6099058507,85,0.5771043771,0.4490351311,0.0472845177,0.1063829787,0.02858683927,0.2916872835,-0.7840116717,0.3680878067,0.3584859951,-0.05743786985,37.05583756,63.45177665,63.95939086,55.83756345
41051001703,3860,0.182642487,0.1523316062,0.675170068,0.5010362694,0.035,0.059,0.098,8387.225077,4278.353932,0.1826887525,0.001506024096,0.6805496988,85,0.4391603805,0.3562176166,0.1007076756,0.09481865285,0.004627109418,0.279015544,0.4167113171,0.6135227062,-1.30694617,-0.2767121463,56.85279188,74.11167513,11.6751269,52.28426396
41051001704,2635,0.1229601518,0.0834914611,0.2181818182,0.49943074,0.035,0.059,0.098,8396.117958,3852.336475,0.19262338,0,0.6767660044,85,0.5297145531,0.1722960152,0.1183087665,0.08045540797,0.009309542281,0.1889943074,-2.747074753,0.546606961,-1.864691211,-4.065159003,12.18274112,71.06598985,3.045685279,7.106598985
41051001801,4630,0.1345572354,0.08725701944,0.5396039604,0.5252699784,0.043,0.066,0.112,10176.99744,4745.602046,0.2175489845,7.63E-04,0.6845496183,86,0.4640452464,0.579049676,0.05311992577,0.09632829374,0.01502579054,0.243412527,-0.7440607432,1.280671809,0.5085071017,1.045118168,37.56345178,88.3248731,67.51269036,63.45177665
41051001802,3730,0.2061662198,0.1592493298,0.1717171717,0.4487935657,0.039,0.059,0.093,9218.014491,4176.526673,0.2723294336,0.005809128631,0.5805643154,84,0.4360770578,0.4428954424,0.03780557135,0.06997319035,0.002812148481,0.263002681,-0.4176671737,-0.02698748022,-0.2308991843,-0.6755538382,42.63959391,42.63959391,45.68527919,48.22335025
41051001900,5436,0.2293966152,0.1482707873,0.2171215881,0.5283296542,0.04,0.06,0.088,8563.114636,3139.493648,0.3738160339,0.05709954522,0.4968721577,83,0.2504599212,0.1473509934,0.04221028396,0.04212656365,0.002302379125,0.1188373804,-0.4249263383,-0.8298205469,-1.698163896,-2.952910781,42.1319797,23.85786802,5.076142132,15.73604061
41051002001,2624,0.1116615854,0.1067073171,0.275,0.4226371951,0.023,0.037,0.074,10473.22407,5324.421079,0.2917265765,0.01091405184,0.6503410641,83,0.3737024221,0.5666920732,0.0327674694,0.03582317073,0,0.1764481707,-3.678638184,-0.06461791602,0.18161172,-3.56164438,5.076142132,40.60913706,59.39086294,10.65989848
41051002002,3702,0.06726094003,0.08454889249,0.7412140575,0.5718530524,0.023,0.037,0.074,12774.95093,8012.813631,0.1891808907,0.002309468822,0.7642840647,84,0.4,0.8079416532,0.03762376238,0.07401404646,0,0.3346839546,-3.661168416,1.28123027,0.9376459123,-1.442292234,5.583756345,88.83248731,78.17258883,35.53299492
41051002101,1491,0.03085177733,0.01945003353,0.4137931034,0.5492957746,0.031,0.048,0.093,4722.059469,2631.811817,0.07960884783,9.07E-04,0.8177586207,86,0.2990083905,0.8665325285,0.3256649892,0.1227364185,0,0.185110664,-4.936716525,0.8048703621,-2.283513851,-6.415360014,2.030456853,79.18781726,1.015228426,1.52284264
41051002102,2156,0.08163265306,0.09322820037,0.7064676617,0.4842300557,0.031,0.048,0.093,8557.03325,5250.906767,0.2037075724,0.007528230866,0.7671518193,86,0.336398053,0.8283858998,0.02490601504,0.05797773655,0.01879699248,0.1618738404,-2.084414003,1.308225915,1.585696394,0.8095083072,18.27411168,89.34010152,90.86294416,61.4213198
41051002203,4534,0.1217468019,0.03925893251,0.1741573034,0.4861049846,0.028,0.055,0.089,8499.070303,4285.151017,0.223194152,6.39E-04,0.7142811502,84,0.3334211914,0.6239523599,0.1166356877,0.07940008822,0.008796296296,0.2851786502,-4.094691181,0.1993925424,-0.8219703363,-4.717268975,4.060913706,56.85279188,27.41116751,5.076142132
41051002303,3752,0.04584221748,0.1399253731,0.7238095238,0.552238806,0.046,0.061,0.097,4981.21785,3099.984989,0.1114965117,0.005718954248,0.7812622549,85,0.4152249135,0.8190298507,0.09889502762,0.06823027719,0.01509433962,0.2635927505,-0.887944611,0.3511886207,0.4382005559,-0.0985554345,35.53299492,62.43654822,65.4822335,54.82233503
41051002401,2842,0.187895848,0.1312456017,0.2627345845,0.4662209711,0.036,0.06,0.085,9631.613445,3870.268316,0.4050064937,0.05246252677,0.4659314775,83,0.3058716431,0.2603800141,0.008011653314,0.09324419423,0,0.1812104152,-1.09555552,-0.7313932289,-0.4559703143,-2.282919063,31.97969543,25.38071066,37.05583756,23.85786802
41051002402,3186,0.06497175141,0.2463904583,0.5108280255,0.488700565,0.047,0.065,0.094,9351.374395,5606.128404,0.2245525089,0.008973080758,0.7365702891,86,0.332289492,0.6443816698,0.03762057878,0.04990583804,0.005071315372,0.252354049,0.4321500538,1.363837194,0.2240781142,2.020065362,57.36040609,90.35532995,60.91370558,74.61928934
41051002501,4993,0.2619667535,0.192870018,0.1619937695,0.4650510715,0.038,0.059,0.084,9771.549733,3436.579478,0.332225129,6.72E-04,0.5072647849,84,0.1631046119,0.04706589225,0.01663157895,0.0967354296,0.007789473684,0.1526136591,0.4631719582,-0.265273589,-1.620184916,-1.422286547,57.8680203,35.53299492,5.583756345,36.04060914
41051002502,4541,0.1360933715,0.144902004,0.170212766,0.4419731337,0.034,0.053,0.086,10654.35299,5267.346941,0.2770605678,0.012934519,0.6324898949,85,0.3365168539,0.5932613962,0.03440150801,0.08192028188,0.01787394167,0.2455406298,-2.059800524,0.8084996124,0.4179945897,-0.8333063222,19.79695431,79.69543147,64.97461929,45.68527919
41051002600,3046,0.2081418253,0.2130663165,0.1109399076,0.4707813526,0.035,0.054,0.082,8456.241777,3300.877043,0.284031403,0.03583916084,0.5605157343,83,0.2440556303,0.06237688772,0.02157272095,0.1766250821,0,0.160538411,-0.4987595089,-0.6273747742,-0.9070721198,-2.033206403,41.11675127,28.42639594,22.84263959,27.41116751
41051002701,3008,0.2529920213,0.2084441489,0.2583732057,0.5,0.034,0.053,0.08,8534.827805,3339.591864,0.2910828918,0,0.5468145957,84,0.2755941499,0.015625,0.02192829795,0.02426861702,0,0.1033909574,0.2774551996,-0.3052652976,-1.981298817,-2.009108915,55.32994924,34.5177665,2.030456853,28.42639594
41051002702,3752,0.1484541578,0.2249466951,0.1504739336,0.4944029851,0.05,0.076,0.119,11559.12314,6512.789531,0.2035661842,0.001050420168,0.7117857143,85,0.3217274858,0.4970682303,0.07233572612,0.08235607676,0.01877415792,0.3011727079,0.8700496605,1.279999829,-0.702639554,1.447409936,65.98984772,87.81725888,29.94923858,69.03553299
41051002801,3055,0.1721767594,0.1450081833,0.2528216704,0.4913256956,0.035,0.056,0.089,8881.747361,3491.646016,0.2215180466,0,0.6381684623,86,0.3969530258,0.08674304419,0.02488070893,0.1234042553,0.01670074983,0.2003273322,-1.343696243,0.8903701413,-0.8920354252,-1.345361527,28.93401015,81.72588832,24.36548223,37.56345178
41051002802,3257,0.1943506294,0.122505373,0.3182957393,0.5296284925,0.035,0.056,0.089,9102.294963,3605.145994,0.2345825887,0.02655677656,0.6043315018,84,0.3908548708,0.2563708935,0.05053191489,0.05035308566,9.97E-04,0.1550506601,-1.289733681,0.05126801127,-1.090911156,-2.329376826,29.44162437,47.71573604,16.75126904,23.35025381
41051002901,4771,0.1207294068,0.1536365542,0.3178717599,0.4583944666,0.036,0.059,0.095,8270.522524,3534.603946,0.2264748328,0.009982384028,0.5894245449,84,0.4673316708,0.3703626074,0.02172005265,0.09767344372,0.01645458534,0.1817229092,-1.349944187,-0.1209764966,0.3307146564,-1.140206027,28.42639594,39.59390863,62.43654822,40.10152284
41051002902,6428,0.2009956441,0.09863098942,0.5599369085,0.4687305538,0.042,0.067,0.11,9934.491788,4202.222024,0.2115687067,0.2127583749,0.506593015,83,0.4082588335,0.2425326696,0.03345539281,0.07187305538,0.006975585451,0.1616365899,0.5096288853,0.09356389704,-0.6850453952,-0.08185261282,58.88324873,49.23857868,30.45685279,55.32994924
41051002903,4800,0.1779166667,0.155,0.4180107527,0.5089583333,0.059,0.09,0.136,4953.774528,1838.056757,0.3726063119,0.2368663594,0.4464178187,84,0.7075498988,0.4689583333,0.05011086475,0.07833333333,0.02674852006,0.3014583333,2.270846061,-0.6600499458,0.4684696529,2.079265768,81.72588832,26.9035533,67.00507614,75.63451777
41051003000,5284,0.2117713853,0.1184708554,0.1805111821,0.5484481453,0.036,0.058,0.09,8807.808435,3452.114169,0.2414757635,0.03031973539,0.5592557883,85,0.375093029,0.1144965935,0.03072853073,0.04920514762,0,0.1945495836,-1.514114781,0.3430488181,-1.561309755,-2.732375717,25.38071066,61.92893401,7.106598985,19.2893401
41051003100,5331,0.1800787845,0.1421872069,0.2071240106,0.5179140874,0.031,0.052,0.084,10744.70277,4210.407818,0.2530902119,0,0.5915756303,85,0.3625688953,0.321328081,0.02097087379,0.02907522041,0,0.1654473832,-1.945626196,0.6428762574,-0.6828466359,-1.985596575,21.31979695,75.12690355,30.96446701,29.94923858
41051003200,4550,0.2162637363,0.09692307692,0.4421768707,0.4731868132,0.028,0.05,0.079,10501.81536,4080.705399,0.2494296534,7.87E-04,0.5897560976,84,0.2700729927,0.2307692308,0.02785388128,0.03516483516,0.007305936073,0.1973626374,-1.423779069,0.1717104024,-1.378578831,-2.630647497,25.88832487,55.83756345,10.65989848,21.31979695
41051003301,3083,0.1725591956,0.07849497243,0.2851239669,0.462212131,0.031,0.064,0.104,10976.44204,4560.759733,0.1996106017,0.001215066829,0.6743742406,85,0.5033812342,0.5121634771,0.09841160221,0.0431397989,0,0.2997080765,-1.844281959,0.944832039,-0.9704046268,-1.869854547,22.33502538,82.74111675,18.78172589,31.47208122
41051003302,3957,0.1544099065,0.05736669194,0.7444933921,0.5830174375,0.031,0.059,0.093,14617.36509,5467.197454,0.2520124694,0.002560819462,0.6119590269,84,0.5117021277,0.5029062421,0.04237726098,0.04245640637,0,0.4068738944,-1.643101335,0.8927308393,-0.5421049088,-1.292475405,23.35025381,82.23350254,34.01015228,39.08629442
41051003401,4144,0.2241795367,0.06636100386,0.5636363636,0.4558397683,0.032,0.067,0.101,11735.57682,4984.221816,0.2067313885,0.01131008483,0.6517247879,85,0.3921852388,0.4705598456,0.04946290282,0.1059362934,0.002997751686,0.4041988417,-0.3126332107,1.058773489,-0.5641479326,0.181992346,44.67005076,84.26395939,32.99492386,58.37563452
41051003402,4629,0.0820911644,0.04947072802,0.5371179039,0.4674875783,0.027,0.056,0.086,15938.54254,7946.890515,0.224763598,0.006968641115,0.6567015099,85,0.2539218293,0.7461654785,0.08416389812,0.1006696911,0.002657807309,0.3523439188,-3.325228771,1.879658895,-0.1627248836,-1.608294759,7.614213198,92.89340102,47.71573604,34.5177665
41051003501,3406,0.1268349971,0.09630064592,0.3658536585,0.4633000587,0.032,0.056,0.092,7274.08866,3133.026443,0.2598347187,0.04134548003,0.616082691,85,0.3628858579,0.45625367,0.03326080199,0.04492072813,0.003108486167,0.2689371697,-2.246643253,0.2145460895,-0.4977420531,-2.529839217,16.24365482,57.8680203,36.04060914,22.33502538
41051003502,2990,0.125083612,0.1578595318,0.1419491525,0.5090301003,0.035,0.056,0.09,7158.472197,2760.440951,0.2867336056,0.06067588326,0.5886789555,85,0.39867385,0.4033444816,0.03894736842,0.07993311037,0.003157894737,0.3006688963,-2.215295926,0.11796573,-0.5395860118,-2.636916208,16.75126904,51.77664975,35.02538071,20.81218274
41051003601,4687,0.1576701515,0.08384894389,0.2875318066,0.4373799872,0.031,0.064,0.096,7705.503239,3532.990497,0.1834953072,0.01763085399,0.6569972452,85,0.3977303432,0.3264348197,0.0437182601,0.03243012588,0,0.2511201195,-1.984383711,0.4434245316,-1.138187338,-2.679146518,20.30456853,65.98984772,15.2284264,20.30456853
41051003602,7274,0.1765191092,0.0820731372,0.4271356784,0.4390981578,0.031,0.059,0.088,8958.046759,3450.707591,0.2326891059,0.0244100895,0.5868266884,84,0.4405514072,0.2654660434,0.05170675501,0.07327467693,0.01696621136,0.2996975529,-1.539533714,-0.01807854799,-1.126469977,-2.684082239,24.87309645,43.14720812,15.73604061,19.79695431
41051003603,1802,0.1653718091,0.1698113208,0.2679738562,0.5310765816,0.046,0.082,0.109,6700.972251,2580.729602,0.2323231593,0.08888888889,0.5242333333,83,0.4815063887,0.1259711432,0.06358728254,0.1104328524,0.03985932005,0.307436182,0.3196821152,-0.7921303387,-1.350620658,-1.823068881,55.83756345,24.36548223,11.16751269,32.48730964
41051003701,4393,0.1450034145,0.1384020032,0.5180921053,0.4600500797,0.047,0.084,0.118,8051.278048,3691.161846,0.1924586022,0.01952410006,0.674643075,85,0.5158435627,0.4106533121,0.05374233129,0.1415888914,0.02652963671,0.4661962213,0.9805884392,0.5287707495,-0.3348953928,1.174463796,68.02030457,69.54314721,42.1319797,64.46700508
41051003702,2792,0.145773639,0.1314469914,0.2288828338,0.4308739255,0.036,0.068,0.096,9241.257646,3574.698516,0.2755288955,0.06150583245,0.5637009544,84,0.3725663717,0.3832378223,0.03757440476,0.08846704871,0,0.2911891117,-1.281682035,0.01476039039,-0.5926441246,-1.859565769,29.94923858,46.70050761,32.48730964,31.97969543
41051003801,2704,0.1564349112,0.1124260355,0.3782894737,0.4907544379,0.035,0.06,0.098,5944.592418,2825.000465,0.1975818823,0.03843364757,0.6427121102,85,0.4546678636,0.3313609467,0.0444530344,0.04400887574,0.004252029378,0.2814349112,-1.350421767,0.143992971,-0.9691262764,-2.175555073,27.91878173,53.29949239,19.2893401,25.38071066
41051003802,3811,0.1201784309,0.09839937024,0.2,0.4741537654,0.034,0.055,0.092,8901.251652,3564.237738,0.1688141764,0,0.6733766234,85,0.447172619,0.4216741013,0.01711956522,0.07268433482,0.01005434783,0.2673838887,-2.782071544,0.6133140677,0.0549865817,-2.113770895,11.16751269,73.60406091,55.83756345,26.39593909
41051003803,4387,0.1486209255,0.1089582858,0.1778242678,0.4909961249,0.034,0.059,0.097,9372.902541,3997.424357,0.2210598381,0,0.6275365497,85,0.3771149986,0.4725324823,0.03898865784,0.07932527923,0.0179584121,0.2635058126,-2.24803002,0.55571724,-0.106815789,-1.799128569,15.73604061,71.57360406,49.23857868,32.99492386
41051003902,3679,0.183745583,0.112258766,0.2590799031,0.5229681979,0.038,0.059,0.096,8987.717892,3483.687337,0.2466781963,0.03821656051,0.5643710191,84,0.4012474012,0.2666485458,0.044489093,0.1060070671,0,0.2516988312,-1.369194034,-0.03996896796,-0.8328801797,-2.242043181,26.9035533,41.62436548,26.9035533,24.87309645
41051003903,3471,0.1351195621,0.1351195621,0.0447761194,0.53673293,0.038,0.068,0.108,8635.927208,3112.516548,0.2858744473,0.08396421198,0.5032897454,85,0.5355172414,0.335926246,0.09487723553,0.1100547393,0.02152167323,0.3007778738,-2.093369029,0.2464166495,-0.9135314587,-2.760483838,17.76649746,59.39086294,22.33502538,17.25888325
41051003904,4131,0.1738077947,0.07213749697,0.5906040268,0.528201404,0.038,0.068,0.108,9426.637434,3751.486793,0.2186290045,0.004524886878,0.5689064857,84,0.4767663908,0.1972887921,0.05120084455,0.04212055192,0.005806281341,0.3413217139,-0.6056504253,0.01301732205,-1.74007142,-2.332704523,39.59390863,46.1928934,4.568527919,22.84263959
41051004002,6524,0.1080625383,0.07219497241,0.2377919321,0.4710300429,0.031,0.045,0.093,8941.682371,2294.355654,0.1772828297,0.05189620758,0.4312660393,85,0.402006689,0.2654812998,0.05476381105,0.06790312692,0.004163330665,0.3238810546,-3.533168201,0.1546687518,-1.46363534,-4.84213479,6.091370558,54.31472081,8.629441624,4.568527919
41051004003,8222,0.3004135247,0.08708343469,0.1927374302,0.5439065921,0.046,0.084,0.145,12564.17509,4445.291334,0.2394766373,0.05853658537,0.5666780488,84,0.7014452584,0.5745560691,0.05059868675,0.1859644855,0.02671461598,0.557285332,1.322447981,0.5907065508,0.8730738156,2.786228348,72.08121827,73.0964467,75.12690355,81.21827411
41051004102,5380,0.1434944238,0.106133829,0.5183887916,0.4916356877,0.045,0.067,0.11,8143.644157,3522.353151,0.2190028164,0.04394693201,0.5004353234,84,0.4844167409,0.2895910781,0.03984391045,0.07286245353,0.02115424112,0.2208178439,-0.1922367088,-0.2108789062,-0.4834485185,-0.8865641335,47.20812183,37.05583756,36.54822335,44.67005076
41051004103,4717,0.2013991944,0.09115963536,0.5302325581,0.5107059572,0.041,0.071,0.122,4141.596323,1553.208373,0.1976116831,0.1252105559,0.5968978102,86,0.5390532544,0.2743269027,0.05163669894,0.1202035192,0.003676470588,0.394742421,0.3522649312,0.335585845,-0.8808482944,-0.1929975182,56.34517766,61.4213198,26.39593909,54.31472081
41051004104,3585,0.3344490934,0.05913528591,0.2028301887,0.5179916318,0.041,0.071,0.122,2748.783633,1036.640299,0.1350306102,0.08734939759,0.6235,86,0.7345735027,0.7472803347,0.08186592524,0.1294281729,0.04510349089,0.630404463,0.6078419326,0.1515627207,0.6788349352,1.438239589,61.4213198,53.8071066,72.58883249,68.02030457
41051004200,4177,0.1314340436,0.0677519751,0.480565371,0.5142446732,0.034,0.058,0.102,6338.17627,2931.615167,0.141629086,0.02520677432,0.6071248523,83,0.4764758765,0.5848695236,0.07440925088,0.04979650467,0.006517924292,0.1963131434,-2.076133522,-0.6700689112,0.008550022523,-2.737652411,18.78172589,26.39593909,52.79187817,18.78172589
41051004300,1024,0.15625,0.1455078125,0.2281879195,0.501953125,0.046,0.069,0.105,262.6201908,125.1549347,0.5852432653,0.6124980073,0.2327205484,77,0.37485172,0.0986328125,0.04559270517,0.1435546875,0,0.095703125,-0.4596889593,-4.26644472,-0.8195270036,-5.545660683,41.62436548,1.015228426,27.91878173,3.045685279
41051004500,2815,0.1097690941,0.1040852575,0.252559727,0.508348135,0.033,0.05,0.08,4816.059912,2609.055547,0.1772942805,0.08155844156,0.6921402597,87,0.2114024136,0.5065719361,0.1114348143,0.1325044405,0,0.2124333925,-3.166379352,1.062113674,-0.9543986077,-3.058664286,9.137055838,84.7715736,19.79695431,14.21319797
41051004601,3442,0.1740267286,0.2600232423,0.2167597765,0.5453224869,0.046,0.064,0.086,5830.251776,2674.59836,0.6197802322,0.5838603592,0.2039261321,79,0.1863851474,0.1292852992,0.02332003682,0.11737362,0.005523166616,0.1217315514,0.666843564,-2.592229278,-1.089792905,-3.015178619,63.45177665,8.629441624,17.25888325,15.2284264
41051004602,2091,0.2419894787,0.1764705882,0.1815718157,0.5035868006,0.043,0.061,0.082,4448.682021,1785.004407,0.5359888977,0.3865546218,0.2836716225,80,0.15234375,0.1640363462,0.02159718734,0.07364897178,0,0.1305595409,0.2168887773,-2.637501556,-1.400117004,-3.820729783,53.8071066,8.121827411,10.15228426,8.629441624
41051004700,4652,0.1190885641,0.07846087704,0.498630137,0.5380481513,0.027,0.041,0.073,17756.39216,9675.935969,0.2579526468,0.02651515152,0.6499747475,84,0.2251001335,0.7203353396,0.03238583411,0.1668099742,0,0.2295786758,-3.378614021,1.846401848,1.250276678,-0.2819354955,7.106598985,92.3857868,84.7715736,51.77664975
41051004800,2788,0.0387374462,0.0606169297,0.3846153846,0.4791965567,0.029,0.044,0.085,23990.93406,17244.55949,0.2333151487,0,0.7885217391,85,0.3448430493,0.8339311334,0.05471562275,0.05487804878,0,0.2083931133,-4.432318535,4.083984268,0.9192912141,0.5709569472,2.538071066,98.47715736,77.66497462,60.40609137
41051004901,2469,0.06723369785,0.1883353584,0.6408602151,0.4726609964,0.035,0.053,0.087,20376.80857,13609.29823,0.1577905808,0,0.8526011561,86,0.2219604147,0.7452409883,0.007835051546,0.1271769947,0.01773195876,0.3110571081,-0.9288248878,3.907358024,1.251046789,4.229579925,33.50253807,96.44670051,85.27918782,89.84771574
41051004902,2597,0.02348864074,0.06738544474,0.7885714286,0.4077782056,0.035,0.053,0.087,32103.61635,22004.0189,0.2482688477,0.02057613169,0.7516460905,82,0.3960546282,0.9441663458,0.07176656151,0.08509819022,0,0.32922603,-2.349414321,4.293599616,1.096616172,3.040801468,14.72081218,98.98477157,79.18781726,81.72588832
41051005001,2805,0.0495543672,0.08520499109,0.280334728,0.5297682709,0.022,0.035,0.066,21068.82126,14751.93046,0.0762227516,0,0.9678272251,85,0.173512476,0.7233511586,0.01082251082,0.1426024955,0.001803751804,0.1953654189,-5.432358519,4.017474809,1.37582518,-0.03905853013,1.015228426,97.96954315,87.81725888,56.34517766
41051005002,712,0.03230337079,0.1151685393,0.256097561,0.518258427,0.022,0.035,0.066,4679.366329,3489.808316,0.1037706021,0,0.9207061503,86,0.2516339869,0.7654494382,0.05337078652,0.1095505618,0,0.1109550562,-5.299772952,1.03812177,1.146816646,-3.114834536,1.52284264,83.75634518,80.7106599,13.19796954
41051005101,3145,0.02257551669,0.2569157393,0.5235148515,0.4626391097,0.04,0.065,0.102,27566.27153,20449.00206,0.0624711628,0.001865671642,0.6012686567,83,0.3076663289,0.6499205087,0.02013422819,0.186327504,0,0.253100159,-0.1655310376,3.923694976,1.41468722,5.172851159,47.71573604,96.95431472,88.3248731,93.40101523
41051005102,3414,0.08084358524,0.255711775,0.1729667812,0.5117164616,0.04,0.065,0.102,26789.45414,15890.05408,0.1534972889,0,0.9417647059,85,0.1550283996,0.5351493849,0.05708966801,0.1839484476,0,0.20152314,-0.7435120786,4.720045809,0.2023327912,4.178866521,38.07106599,99.49238579,60.40609137,89.34010152
41051005103,2805,0.02638146168,0.1026737968,0.4652777778,0.6559714795,0.04,0.065,0.102,19137.48813,13508.81515,0.09974828096,0.004608294931,0.6680337942,85,0.7206049149,0.6752228164,0.1793519216,0.1037433155,0.02947598253,0.2816399287,-3.115625225,3.058002194,-0.2132332743,-0.2708563055,9.644670051,94.92385787,47.20812183,53.29949239
41051005201,1955,0,0.09104859335,0.8539325843,0.4726342711,0.039,0.055,0.096,15899.23921,11491.36829,0.1133880692,0,0.8973866667,85,0.5217925107,0.8281329923,0.1611253197,0.1007672634,0.01585677749,0.3360613811,-1.972398413,2.825357916,-0.1144875698,0.7384719337,20.81218274,93.90862944,48.73096447,60.91370558
41051005202,2456,0.0325732899,0.2214983713,0.5643382353,0.5089576547,0.039,0.055,0.096,24539.8061,17585.5288,0.2588772213,0,0.7166149068,83,0.2364464692,0.7178338762,0.03213844252,0.0907980456,0.007828594973,0.1970684039,-0.9172334926,3.157061176,0.8567092278,3.096536911,34.5177665,95.43147208,74.61928934,82.74111675
41051005500,2807,0.02600641254,0.08835055219,0.7741935484,0.5297470609,0.048,0.07,0.132,18476.89797,11539.01038,0.331076877,0.1056179775,0.5762696629,83,0.3940574769,0.8008550053,0.100036245,0.2418952618,0.05509242479,0.3544709654,-0.7224144728,1.642719212,1.569839807,2.490144546,39.08629442,91.37055838,90.35532995,78.68020305
41051005601,2708,0.0258493353,0.2751107829,0.6724832215,0.5398818316,0.037,0.052,0.104,48498.84785,35442.84339,0.2062685656,0,0.794047619,83,0.4482142857,0.8308714919,0.1440267957,0.2570162482,0.02067946824,0.2725258493,-0.1477688498,8.315813664,1.352741535,9.520786348,48.22335025,100,87.30964467,100
41051005602,3537,0.01130901894,0.01159174442,1,0.5453774385,0.037,0.052,0.104,30022.04662,7579.781632,0.1917639018,0.01570680628,0.7720157068,85,0.5772833724,0.4690415606,0.04608425219,0.1758552446,0.01159174442,0.401187447,-2.755529404,3.979210146,0.5212930108,1.744973753,11.6751269,97.46192893,68.52791878,72.58883249
41051005701,615,0.1788617886,0.05040650407,1,0.5382113821,0.037,0.051,0.082,2852.652147,974.0763427,0.1215714813,0.009501187648,0.5991805226,83,0.2897727273,0.674796748,0,0.02113821138,0,0.1967479675,-0.3542725419,-1.347170674,0.6956318016,-1.005811414,43.65482234,15.73604061,73.0964467,42.1319797
41051005702,3531,0.02917020674,0.1959784764,0.4393063584,0.5851033702,0.037,0.051,0.082,17691.78336,11964.87643,0.1715020238,0.02296211251,0.5611481056,84,0.2443453329,0.735768904,0.03269832243,0.1687907108,0.01279499574,0.1789861229,-2.436749562,2.021755792,1.612100704,1.197106934,13.19796954,93.40101523,91.87817259,65.4822335
41051005800,4760,0.1922268908,0.206092437,0.4638124363,0.5037815126,0.047,0.062,0.085,4083.213766,2053.616335,0.5805409172,0.4446026097,0.2718647687,78,0.2322338429,0.3489495798,0.04223433243,0.1493697479,0.007007233273,0.231302521,1.177326267,-3.467679079,-0.4536079272,-2.743960739,69.54314721,3.045685279,37.56345178,18.27411168
41051005901,2538,0.1513002364,0.05752561072,0.5547945205,0.5271867612,0.032,0.048,0.079,8430.686833,3906.41754,0.353888893,0.1271282633,0.5118842225,86,0.2855670103,0.7230102443,0.02444987775,0.1922773838,0.01792991035,0.3991331757,-2.445822945,0.7490329274,1.296974625,-0.3998153925,12.69035533,78.17258883,86.80203046,51.26903553
41051005902,3640,0.05054945055,0.3513736264,0.4800625489,0.5054945055,0.032,0.048,0.079,22354.66361,14782.32838,0.0627596928,0.01189060642,0.5215457788,86,0.219210174,0.7211538462,0.04527669089,0.1972527473,0.01034097261,0.2667582418,-0.0852284884,3.839465933,1.23642614,4.990663584,49.74619289,95.93908629,84.26395939,92.89340102
41051005903,3086,0.1134154245,0.1950745301,0.6827242525,0.4342190538,0.032,0.048,0.079,6893.403121,3884.519776,0.2191800177,0.1019269777,0.4290466531,86,0.1313373253,0.4834737524,0.01196990424,0.07388204796,0,0.2485418017,-0.3518721989,0.5300280984,-0.4005643797,-0.2224084802,44.16243655,70.05076142,39.59390863,53.8071066
41051006001,1445,0.1190311419,0.1903114187,0.1709090909,0.4574394464,0.039,0.058,0.084,4220.150963,2169.946135,0.7252217601,0.6543026706,0.1540949555,78,0.197978096,0.415916955,0.04529370134,0.06851211073,7.05E-04,0.2110726644,-1.362214707,-3.363890434,-0.8933955003,-5.619500642,27.41116751,3.553299492,23.85786802,2.538071066
41051006002,2566,0.2081060016,0.1539360873,0.3518987342,0.4867498051,0.041,0.058,0.085,6129.431138,2582.196048,0.4254881304,0.2351752022,0.3974932615,81,0.2343007916,0.2455183164,0.03377814846,0.07092751364,0.002919099249,0.1500389712,-0.0507695283,-1.896988628,-1.103651938,-3.051410094,50.76142132,10.65989848,16.24365482,14.72081218
41051006100,2716,0.1815169367,0.1612665685,0.09817351598,0.5018409426,0.051,0.072,0.102,4533.838863,1764.457908,0.4740242054,0.2464246425,0.3307590759,80,0.2139037433,0.1277614138,0.0242121445,0.06075110457,0,0.1557437408,-0.005015290722,-2.788323905,-1.606146639,-4.399485834,51.77664975,7.106598985,6.091370558,5.583756345
41051006200,3230,0.1743034056,0.2157894737,0.1319942611,0.5390092879,0.036,0.054,0.082,5188.588133,1966.201819,0.4027123006,0.1445233266,0.4138336714,84,0.3504911591,0.2055727554,0.02579170748,0.01609907121,0,0.1894736842,-1.059628736,-0.9455685664,-1.417930495,-3.423127798,32.99492386,21.82741117,9.137055838,11.16751269
41051006300,5655,0.1925729443,0.1481874447,0.1348448687,0.4595932803,0.033,0.049,0.082,3054.69094,917.7577202,0.6153078874,0.6308411215,0.1337912773,82,0.2529935523,0.09195402299,0.02148365773,0.0709106985,3.67E-04,0.2275862069,-1.66225023,-1.850530573,-1.762365823,-5.275146626,22.84263959,11.6751269,4.060913706,3.553299492
41051006402,6333,0.2632243802,0.1722722249,0.2749770852,0.4557081952,0.042,0.062,0.087,3416.794699,1282.984019,0.5912634057,0.5262598664,0.208202793,79,0.249159758,0.05763461235,0.02244134648,0.09016264014,0.005100306018,0.2640138955,0.9753533885,-3.138015396,-1.862790563,-4.02545257,67.51269036,5.583756345,3.553299492,7.614213198
41051006403,4164,0.1962055716,0.09702209414,0.353960396,0.4572526417,0.039,0.062,0.104,6672.231253,2743.242052,0.3694990724,0.1582491582,0.4370658971,81,0.5075757576,0.4531700288,0.04061302682,0.1491354467,0.01833927662,0.3021133525,-0.5796063959,-1.839125011,0.5172184231,-1.901512984,40.10152284,12.18274112,68.02030457,30.45685279
41051006404,3553,0.1716858992,0.2321981424,0.3503030303,0.5015479876,0.046,0.069,0.099,4913.639688,2320.598761,0.4751494457,0.2435941237,0.3826955928,84,0.3825622776,0.3360540388,0.07850863898,0.08302842668,0.01364049712,0.1646495919,1.185080224,-0.8717562055,-0.8870829299,-0.5737589116,70.05076142,22.84263959,25.38071066,48.73096447
41051006501,5921,0.2087485222,0.222935315,0.1106060606,0.4983955413,0.038,0.058,0.088,4623.457334,1934.964917,0.4742679871,0.2417962003,0.3225018505,80,0.3612818262,0.1342678602,0.05275519422,0.08596520858,0.006504065041,0.1628103361,-0.110718621,-2.786416698,-1.408400481,-4.305535801,49.23857868,7.614213198,9.644670051,6.598984772
41051006502,4730,0.1287526427,0.1141649049,0.2944444444,0.5122621564,0.034,0.052,0.09,6617.224452,3385.556696,0.3643251468,0.1121495327,0.4573130841,83,0.3932853717,0.3251585624,0.03012442698,0.100845666,0,0.2158562368,-2.405477561,-0.987019965,-0.3419613932,-3.73445892,14.21319797,20.81218274,41.62436548,9.644670051
41051006601,2700,0.1618518519,0.2485185185,0.2965722802,0.4992592593,0.047,0.063,0.09,4919.515552,2273.909411,0.471761374,0.2555618939,0.3132230462,83,0.2802926383,0.1907407407,0.04657873042,0.03333333333,0,0.08703703704,0.9054082368,-1.401506233,-1.492417433,-1.988515429,66.49746193,15.2284264,8.121827411,29.44162437
41051006602,5839,0.2031169721,0.1686932694,0.3837563452,0.4594964891,0.037,0.056,0.093,7490.504126,3317.424845,0.3396547593,0.1707142857,0.4238142857,84,0.2896502156,0.5144716561,0.04256880734,0.08888508306,0.0176146789,0.3142661415,0.1183737077,-0.3318928411,-0.2940219441,-0.5075410775,52.79187817,33.50253807,43.65482234,50.25380711
41051006701,3360,0.2348214286,0.1779761905,0.2892976589,0.4547619048,0.053,0.068,0.098,5475.194744,2152.598886,0.3865553006,0.1827016521,0.373649174,83,0.3052543786,0.2738095238,0.04784998383,0.1095238095,0.00933125972,0.2354166667,1.713861539,-1.278108425,-0.9498724787,-0.5141193648,77.15736041,17.25888325,20.30456853,49.74619289
41051006702,3308,0.2506045949,0.1777509069,0.3316326531,0.5081620314,0.047,0.065,0.103,6432.460218,2523.982274,0.42145223,0.1213497729,0.3999935107,83,0.3501864898,0.2412333736,0.03518961394,0.07285368803,0.004344919786,0.1677750907,1.472139456,-1.266754392,-0.8868414454,-0.6814563819,74.61928934,17.76649746,25.88832487,47.20812183
41051006801,2146,0.2129543336,0.2064305685,0.3566591422,0.4925442684,0.057,0.081,0.113,4187.106225,1980.388079,0.4800782392,0.2830905636,0.310468651,81,0.3183300718,0.2828518173,0.06343476019,0.09319664492,0.005673027334,0.2064305685,2.612424948,-2.339412622,-1.154820443,-0.8818081169,85.78680203,9.644670051,14.72081218,45.17766497
41051006802,3720,0.2306451613,0.1658602151,0.3354943274,0.4580645161,0.045,0.066,0.095,4629.963167,1830.826833,0.4794821039,0.2448484848,0.3158989899,81,0.3304821151,0.1887096774,0.03307392996,0.1322580645,0.0269594219,0.1728494624,1.041112419,-2.37787,-0.5418199844,-1.878577566,68.52791878,9.137055838,34.5177665,30.96446701
41051006900,2710,0.2236162362,0.1900369004,0.07961165049,0.4686346863,0.049,0.069,0.089,1599.999587,671.8817455,0.6093566948,0.6105303174,0.1949857442,79,0.2106549365,0.1191881919,0.02058383234,0.08597785978,0.007859281437,0.1265682657,0.6179345895,-3.285225873,-1.266650991,-3.933942275,61.92893401,4.060913706,13.19796954,8.121827411
41051007001,5230,0.2523900574,0.1057361377,0.4285714286,0.4562141491,0.036,0.059,0.082,5563.102399,2252.896918,0.5281737287,0.3861820057,0.315491106,79,0.1928590749,0.1256214149,0.02249408051,0.2652007648,0,0.4034416826,-0.06425389638,-2.805037065,-0.8916547541,-3.760945716,50.25380711,6.598984772,24.87309645,9.137055838
41051007002,3364,0.201843044,0.1890606421,0.1823899371,0.5273483948,0.036,0.059,0.082,381.8782949,141.104257,0.713399733,0.9217514525,0.03616777668,77,0.2035363458,0.05529131986,0.01083838062,0.1733055886,0.01785145043,0.225921522,-0.7302783642,-4.055585173,-0.9984108706,-5.784274408,38.5786802,1.52284264,18.27411168,2.030456853
41051007100,2469,0.1368975294,0.2778452815,0.2317784257,0.571891454,0.057,0.082,0.117,56.32009087,23.74613795,0.4063809605,0.8874581751,0.01704581626,82,0.5877367896,0.1915755367,0.08758223684,0.06318347509,0.002467105263,0.1530984204,1.892797981,-1.618365124,-1.274138781,-0.9997059243,77.66497462,13.70558376,12.69035533,43.65482234
41051007201,2371,0.08603964572,0.260227752,0.2123176661,0.5259384226,0.067,0.096,0.136,1141.909805,569.2692491,0.1642405712,0.215406261,0.1998163911,90,0.6593245228,0.2037115141,0.04428511177,0.03627161535,0,0.2345002109,2.328266291,1.095792424,-0.9137272259,2.510331489,83.75634518,85.78680203,21.82741117,79.18781726
41051007202,3155,0.171473851,0.1676703645,0.2381852552,0.5318541997,0.057,0.092,0.13,474.0327079,193.8200295,0.1595400838,0.2584091276,0.4455941553,78,0.6546052632,0.3949286846,0.04877250409,0.1369255151,0.03076923077,0.4735340729,1.499044914,-3.630325839,-0.01646833146,-2.147749256,75.12690355,2.030456853,52.28426396,25.88832487
41051007300,1099,0.05459508644,0.07825295723,0.4418604651,0.8061874431,0.048,0.079,0.147,127.5857924,17.99435653,0.08247358744,0.1041947415,0.5193135878,86,0.9535135135,0.1847133758,0.293144208,0.04276615105,0.004595588235,0.3248407643,-2.266641115,-0.3696459231,-3.960319447,-6.596606485,15.2284264,32.48730964,0.5076142132,1.015228426
41051007400,3845,0.3050715215,0.1037711313,0.1027568922,0.4681404421,0.056,0.1,0.156,6856.619371,2303.966769,0.2406915544,0.02919254658,0.5905838509,83,0.6323070058,0.5524057217,0.02893518519,0.1724317295,0.09676487579,0.5859557867,2.756271214,-0.8331575852,1.182566889,3.105680518,88.3248731,23.35025381,81.72588832,83.24873096
41051007500,5073,0.1781983048,0.07096392667,0.2361111111,0.4920165582,0.041,0.073,0.108,7154.607451,2563.981144,0.2195468799,0.05037468776,0.5239217319,86,0.5181743646,0.3863591563,0.03689403689,0.09698403312,0.02392444911,0.3966095013,-1.266943251,0.4831307544,-0.3225416089,-1.106354105,30.45685279,67.51269036,43.14720812,40.60913706
41051007600,3471,0.2281763181,0.07519446845,0.3486590038,0.5030250648,0.046,0.08,0.131,6132.707599,2636.127841,0.1777995295,0.04,0.5868112676,83,0.6919315403,0.3955632383,0.03094362745,0.2172284644,0.0637254902,0.4482857966,0.5837548137,-0.7823586774,1.221848969,1.023245106,60.91370558,24.87309645,83.75634518,62.94416244
41051007700,2110,0.1511848341,0.1199052133,0.209486166,0.5857819905,0.05,0.084,0.134,5108.140404,2183.6695,0.1468909766,0.01069078947,0.6517598684,85,0.6833333333,0.1796208531,0.04326689353,0.1800947867,0.05765503876,0.5308056872,-0.2577024355,-0.005161604905,-0.4160728751,-0.6789369155,45.17766497,44.67005076,38.5786802,47.71573604
41051007800,2347,0.2262462718,0.08606731998,0.1831683168,0.4968044312,0.053,0.086,0.134,6160.48705,2231.109498,0.2423047168,0.02158273381,0.5992965627,83,0.6973461321,0.3255219429,0.04774654172,0.1389007243,0.04953145917,0.2846186621,0.8050682423,-0.9366184943,0.5533424764,0.4217922244,64.46700508,22.33502538,69.54314721,59.89847716
41051007900,4298,0.1691484411,0.1342484877,0.424610052,0.4851093532,0.044,0.076,0.12,6094.82338,2610.649102,0.1975364442,0.02397868561,0.5764253996,85,0.7363807138,0.3804094928,0.03618261292,0.1456491391,0.04128217581,0.4022801303,0.5157877341,-0.01590883812,0.6603821719,1.160261068,59.39086294,43.65482234,70.55837563,63.95939086
41051008001,2933,0.1841118309,0.23150358,0.263622975,0.4838049778,0.062,0.086,0.129,5291.849477,2334.692541,0.2259510369,0.0075,0.5778125,84,0.7019715727,0.3873167405,0.1354679803,0.1452437777,0.04539057002,0.4466416638,2.958969597,-0.6594673582,-0.9047641262,1.394738113,89.84771574,27.41116751,23.35025381,67.00507614
41051008002,2397,0.2110972048,0.2190237797,0.219047619,0.4906132666,0.057,0.087,0.135,5041.700146,1834.110358,0.1909191921,0.04881355932,0.5445627119,84,0.7233802817,0.1860659157,0.0485260771,0.1856487276,0.08211273857,0.4163537756,2.776717337,-0.6519911922,0.1943203244,2.31904647,88.83248731,27.91878173,59.89847716,77.66497462
41051008100,8581,0.166880317,0.1530124694,0.2604722011,0.4995921221,0.065,0.096,0.145,8034.622084,3154.485701,0.1790117792,0.002242152466,0.6712491992,86,0.7389123962,0.6323272346,0.08457648546,0.24344482,0.0701754386,0.4696422328,2.270013311,0.8754338313,1.708234546,4.853681689,81.21827411,81.21827411,93.90862944,91.37055838
41051008201,3288,0.2052919708,0.2141119221,0.3977272727,0.4820559611,0.073,0.092,0.126,4280.495432,1748.38971,0.1491243209,0.0264957265,0.6587649573,84,0.6167543505,0.3023114355,0.09311606252,0.2758515815,0.07615563685,0.4574209246,4.228590256,-0.5402530117,0.2796337359,3.96797098,97.46192893,28.93401015,61.4213198,88.3248731
41051008203,5655,0.2157382847,0.1471264368,0.6117788462,0.4885941645,0.063,0.094,0.156,9583.76738,3879.264993,0.2184142628,0.04641350211,0.6032331224,85,0.7548272358,0.5862068966,0.06899195094,0.2394341291,0.1201609812,0.3985853227,4.02151005,0.6428810494,2.298897283,6.963288382,95.93908629,75.63451777,98.47715736,97.96954315
41051008204,3227,0.3281685776,0.1137279207,0.2942779292,0.4889990703,0.063,0.094,0.156,13591.11263,3921.080215,0.2051655539,0.05525606469,0.5633962264,85,0.9077979402,0.342113418,0.07379569525,0.4480942051,0.1680728991,0.6544778432,4.045989052,1.141009411,2.695899925,7.882898389,96.44670051,86.80203046,99.49238579,98.98477157
41051008301,3845,0.1245773732,0.1581274382,0.3536184211,0.5175552666,0.07,0.119,0.165,6274.188699,2803.395627,0.1743856049,0.01589041096,0.644460274,85,0.7438674737,0.599739922,0.1519292605,0.3973992198,0.1280814577,0.4837451235,3.103859382,0.1682759599,2.127566183,5.399701525,92.3857868,55.32994924,96.44670051,93.90862944
41051008302,5290,0.1820415879,0.1597353497,0.1775147929,0.4629489603,0.067,0.104,0.163,7251.169243,2250.741001,0.3110565487,0.1943993506,0.4874472403,83,0.7808147175,0.388657845,0.1127725857,0.2293005671,0.06180793235,0.4434782609,3.008983703,-0.6825583831,0.3581612829,2.684586603,90.86294416,25.88832487,63.45177665,80.7106599
41051008400,4759,0.2202143307,0.1479302374,0.4474431818,0.4694263501,0.06,0.097,0.161,9643.725015,3461.122573,0.2329581462,0.01458333333,0.5543402778,84,0.8017934447,0.4608110948,0.05323450135,0.3122504728,0.1197214735,0.4246690481,3.587040422,-0.01150524199,2.590904439,6.166439619,94.92385787,44.16243655,98.98477157,96.44670051
41051008500,4791,0.2502609059,0.1081193905,0.2007722008,0.4742225005,0.052,0.083,0.134,6697.092988,2235.160027,0.2439473665,0.09893704007,0.532154538,84,0.8173558897,0.423711125,0.09148123174,0.1916092674,0.08198513336,0.4637862659,1.436020807,-0.3746780118,0.6740303065,1.735373101,73.60406091,31.97969543,72.08121827,72.08121827
41051008600,4499,0.2016003556,0.1066903756,0.1916666667,0.5534563236,0.048,0.082,0.134,9485.009181,3474.393228,0.1817444551,0.02377622378,0.5933426573,85,0.7554381603,0.4156479218,0.05294522118,0.2276061347,0.07471922989,0.4100911314,0.1439792525,0.5706802159,1.419408848,2.134068316,53.29949239,72.08121827,88.83248731,76.64974619
41051008700,5191,0.184550183,0.09863224812,0.208984375,0.4808322096,0.042,0.066,0.113,8663.271095,3209.298847,0.2360275844,0.04392072844,0.5324370648,85,0.657409745,0.253130418,0.09003215434,0.1620111732,0.04360932476,0.2629551146,-0.8675337061,0.2909682474,-0.2273837021,-0.8039491609,36.04060914,59.89847716,46.1928934,46.1928934
41051008800,4128,0.1734496124,0.09011627907,0.1639784946,0.5910852713,0.042,0.07,0.119,7038.703972,2743.525846,0.2414975566,0.06032608696,0.5121902174,84,0.6690402477,0.2572674419,0.05733299207,0.1962209302,0.0877911441,0.3292151163,-1.548639142,-0.405973314,0.6121660913,-1.342446365,24.36548223,30.96446701,70.05076142,38.07106599
41051008902,4404,0.2184377838,0.0881017257,0.1932989691,0.5281562216,0.044,0.07,0.116,5438.944609,2046.396734,0.3332487112,0.2040572792,0.4613036993,83,0.76726094,0.598773842,0.07350384902,0.1135331517,0.02576054956,0.3812443233,-0.545235021,-0.9994696799,0.8159500138,-0.7287546871,40.60913706,20.30456853,74.11167513,46.70050761
41051008903,4995,0.2376376376,0.171971972,0.1292200233,0.4846846847,0.049,0.079,0.124,2954.426586,880.1174694,0.4680618452,0.6022975135,0.1863486986,86,0.5905861456,0.1501501502,0.09696335079,0.2392392392,0.04691099476,0.2708708709,1.404681943,0.103060418,-0.3298425983,1.177899763,73.0964467,49.74619289,42.63959391,64.97461929
41051008904,5644,0.2783486889,0.1302267895,0.1836734694,0.5646704465,0.049,0.079,0.124,4939.528453,1497.436779,0.4867940372,0.5012683917,0.2547234906,81,0.7940857298,0.4064493267,0.02631578947,0.3290219702,0.08132763975,0.5442948264,1.245920842,-1.873555396,2.23124445,1.603609896,70.55837563,11.16751269,97.96954315,71.06598985
41051009001,5514,0.2261516141,0.1361987668,0.1877496671,0.4932898078,0.057,0.093,0.156,9094.799171,2851.814974,0.239528837,0.05087527352,0.4978282276,84,0.8782696177,0.2506347479,0.0731511254,0.2996010156,0.1453614339,0.4920203119,2.224976105,-0.1714973559,1.516364538,3.569843287,80.7106599,38.07106599,89.84771574,85.78680203
41051009002,5415,0.3102493075,0.05743305633,0.3151125402,0.4847645429,0.057,0.093,0.156,12250.44354,4146.826039,0.218245066,0.01098039216,0.5908078431,82,0.8440876814,0.6293628809,0.1229892079,0.193721145,0.07269395235,0.5287165282,2.754733738,-0.3807216566,0.8765962815,3.250608363,87.81725888,31.47208122,75.63451777,83.75634518
41051009101,5929,0.2519817844,0.1126665542,0.2335329341,0.4730983302,0.06,0.097,0.165,10238.35331,3676.413255,0.2396823303,0.01978518937,0.5615602035,84,0.8863805507,0.5134086693,0.07648673376,0.2701973351,0.06171945701,0.4442570417,2.900710889,0.104241359,1.931572888,4.936525136,89.34010152,50.76142132,95.43147208,92.3857868
41051009102,6894,0.2538439223,0.1077748767,0.3135935397,0.4498114302,0.054,0.089,0.141,6992.263977,2177.602373,0.4053793403,0.5513457912,0.2371764101,81,0.8214126062,0.3102697998,0.03708708709,0.2931534668,0.1039448028,0.5532346968,2.302122511,-1.325743297,1.612109381,2.588488595,82.23350254,16.24365482,92.3857868,80.20304569
41051009202,5204,0.2336664105,0.1389315911,0.3319502075,0.4675249808,0.061,0.098,0.168,8281.349274,3047.421956,0.230213395,0.01050304035,0.5642067441,84,0.8126561199,0.4379323597,0.05376120025,0.2588393543,0.07366255144,0.4704073789,3.47305584,-0.2194759931,1.676034204,4.929614051,94.41624365,36.04060914,92.89340102,91.87817259
41051009203,3519,0.2423984086,0.09065075305,0.08777429467,0.4450127877,0.058,0.091,0.151,7241.076274,2644.155445,0.223468463,0.0515970516,0.5534459459,85,0.7343570058,0.4080704746,0.03059895833,0.2682580278,0.06966145833,0.4847968173,1.663666863,0.123796005,1.687004358,3.474467227,76.64974619,52.79187817,93.40101523,84.7715736
41051009204,3802,0.169121515,0.1125723304,0.08644859813,0.4776433456,0.058,0.091,0.151,8145.714937,3408.688181,0.1987220249,0.00149142431,0.6335346756,85,0.833795975,0.4392425039,0.08138873079,0.2922146239,0.1000278629,0.4479221462,0.841583697,0.3834703697,1.83736346,3.062417527,65.4822335,63.95939086,94.41624365,82.23350254
41051009301,6409,0.2118895303,0.1298174442,0.1634615385,0.4587299111,0.063,0.097,0.168,9960.631407,3503.083662,0.2620374305,0.05031446541,0.5013626834,85,0.7996381728,0.5440786394,0.1689683184,0.2891246684,0.07566429034,0.479638009,2.662323101,0.409963975,0.6649859553,3.737273032,86.80203046,64.46700508,71.06598985,86.80203046
41051009302,4844,0.2103633361,0.1430635838,0.2756132756,0.460982659,0.065,0.097,0.146,7270.778741,2760.314225,0.2355839053,0.3174445548,0.4159285005,80,0.7357543549,0.4962840628,0.05947037702,0.1907514451,0.04829735144,0.3955408753,2.959212053,-1.643648,1.201807381,2.517371433,90.35532995,13.19796954,82.74111675,79.69543147
41051009400,6573,0.1468127187,0.3228358436,0.2761545712,0.4494142705,0.081,0.103,0.138,4841.904314,2106.77717,0.1843182052,0.02836710369,0.5699380215,85,0.6542279412,0.1570059334,0.06602680788,0.1417921801,0.04216181019,0.2948425377,5.537034107,-0.212804778,-0.5454106323,4.778818697,98.98477157,36.54822335,33.50253807,90.86294416
41051009501,4548,0.2187774846,0.2038258575,0.2718446602,0.4806508355,0.063,0.098,0.133,7204.608941,2981.326743,0.2048934099,0.0572407045,0.532407045,86,0.7250231983,0.3821459982,0.06162597772,0.1600703606,0.03697558663,0.5105540897,3.46889313,0.5856758495,0.02274455051,4.07731353,93.90862944,72.58883249,54.31472081,88.83248731
41051009502,3579,0.1511595418,0.2550991897,0.2792990142,0.4523609947,0.052,0.085,0.116,6082.811425,2700.639104,0.1395766754,0.005494505495,0.6163901099,85,0.550209205,0.3637887678,0.08016627078,0.1478066499,0.03925619835,0.393685387,2.157163637,0.1072301962,-0.4526434302,1.811750403,80.20304569,51.26903553,38.07106599,73.60406091
41051009603,3619,0.2743851893,0.1124620061,0.2358722359,0.5592705167,0.057,0.088,0.144,5357.374204,1883.000826,0.1830817308,0.03059177533,0.5944633902,85,0.8637353069,0.2807405361,0.1012620192,0.1917656811,0.06618748128,0.4501243437,2.151412426,-0.1145930613,0.01747106656,2.054290431,79.69543147,40.10152284,53.8071066,75.12690355
41051009604,4970,0.2494969819,0.1046277666,0.2884615385,0.4661971831,0.054,0.09,0.157,6041.486866,2095.678744,0.130777781,0.0301083902,0.6748334002,82,0.8990708106,0.5484909457,0.1073170732,0.2068410463,0.05698447894,0.5319919517,2.320421013,-1.069545997,0.8923070385,2.143182054,82.74111675,19.2893401,76.64974619,77.15736041
41051009605,5209,0.2006143214,0.1318871184,0.3420669578,0.5590324438,0.062,0.098,0.15,5427.621599,2178.759218,0.1938947945,0.02990146109,0.6280428135,85,0.7765957447,0.4601650989,0.07353519465,0.2887310424,0.06543330088,0.5893645613,2.388559472,-0.03109846517,1.195962208,3.553423215,84.7715736,42.1319797,82.23350254,85.27918782
41051009606,5615,0.2480854853,0.08281389136,0.4086021505,0.4906500445,0.051,0.089,0.157,12503.52657,3997.120249,0.2316275021,0.02958579882,0.5979511834,85,0.8715019989,0.5292965272,0.05000972952,0.375779163,0.1025491341,0.6313446126,2.093364774,0.9682777434,2.798326271,5.859968788,78.68020305,83.24873096,100,95.43147208
41051009701,4918,0.2387149248,0.1455876373,0.1522346369,0.5122000813,0.064,0.101,0.165,7602.860002,2751.746808,0.1824499015,0.01679841897,0.5847529644,85,0.861916026,0.4548596991,0.109540636,0.2143147621,0.01663747811,0.4184627898,3.069545873,0.2169951752,0.5420117652,3.828552814,91.37055838,58.37563452,69.03553299,87.30964467
41051009703,4437,0.1996844715,0.1803020059,0.33625,0.5244534595,0.063,0.098,0.164,8104.64298,3059.562089,0.1814149977,0.0306122449,0.5712545018,85,0.9073394495,0.2968221771,0.03418604651,0.245210728,0.08346858335,0.3662384494,3.410794191,0.3236918008,1.905297414,5.639783406,93.40101523,60.91370558,94.92385787,94.92385787
41051009704,5272,0.410660091,0.05500758725,0.1206896552,0.4618740516,0.063,0.098,0.164,12521.93892,3315.748622,0.2216204519,0.03486529319,0.5421236133,85,0.8923298524,0.3163884674,0.03367003367,0.2966616085,0.08901515152,0.4328528073,4.125442995,0.8264240404,2.165861287,7.117728322,96.95431472,80.20304569,96.95431472,98.47715736
41051009801,3828,0.2565308255,0.1115464995,0.2131147541,0.474137931,0.07,0.105,0.185,4158.652304,1539.396634,0.1439103454,0.2208504801,0.5148525377,84,0.8694444444,0.5872518286,0.105081826,0.2651515152,0.0929142542,0.4224137931,3.981913099,-0.3658483906,2.019491211,5.63555592,95.43147208,32.99492386,95.93908629,94.41624365
41051009803,7557,0.2895328834,0.1537647215,0.421686747,0.4972872833,0.068,0.097,0.153,8293.239176,2828.063697,0.2498252418,0.2310195228,0.4585493492,85,0.798679868,0.5416170438,0.06672494172,0.192139738,0.05706948209,0.4696308059,4.769606007,0.4998252012,1.27273226,6.542163469,98.47715736,68.52791878,85.78680203,97.46192893
41051009804,3150,0.2196825397,0.1536507937,0.2190082645,0.5031746032,0.06,0.089,0.142,7418.326491,2496.32574,0.2440629143,0.03950426026,0.5402711077,86,0.8134782609,0.3419047619,0.08646748682,0.2638095238,0.09891266222,0.4346031746,2.321441843,0.4786090224,1.146936005,3.94698687,83.24873096,67.00507614,81.21827411,87.81725888
41051009903,6983,0.1827294859,0.2043534298,0.1387526279,0.5387369326,0.045,0.072,0.106,2993.810091,1038.8088,0.2891836801,0.4895001842,0.2630467887,83,0.6407935285,0.0807675784,0.0635618932,0.1245882858,0.0177310293,0.2317055707,0.2362823901,-1.032847998,-0.940187669,-1.736753277,54.31472081,19.79695431,20.81218274,34.01015228
41051009904,3555,0.2157524613,0.1097046414,0.2820512821,0.4677918425,0.046,0.074,0.13,7520.632054,3139.414337,0.1602896364,0.1733053809,0.4885255066,85,0.7787504974,0.4182841069,0.07902924704,0.1448663854,0.01026757934,0.2967651195,0.660321142,0.4784179963,0.439063109,1.577802247,62.94416244,66.49746193,65.98984772,70.55837563
41051009905,3068,0.2376140808,0.1747066493,0.2723880597,0.4693611473,0.043,0.069,0.116,6672.465798,2533.710122,0.3834525158,0.3193420306,0.3578105502,85,0.7167684359,0.241851369,0.06263345196,0.07953063885,0.003558718861,0.1939374185,1.25572698,0.08531200613,-0.4026267464,0.9384122396,71.06598985,48.22335025,39.08629442,62.43654822
41051009906,3966,0.1828038326,0.2017145739,0.16,0.5131114473,0.048,0.074,0.115,4225.516381,1513.983555,0.6355938021,0.6716895837,0.1647692597,78,0.5657123146,0.08119011599,0.05150787297,0.1106908724,0.04574468085,0.2004538578,0.7457416529,-3.233486075,-0.7779934052,-3.265737827,63.95939086,4.568527919,29.44162437,11.6751269
41051009907,5932,0.2213418746,0.1884693189,0.09838998211,0.5539447067,0.055,0.08,0.132,2900.525166,1049.313386,0.4842273577,0.6708710651,0.1742388961,78,0.7025072324,0.1975724882,0.03327272727,0.1024949427,0.006167241067,0.3052933243,1.544864263,-3.213379149,-0.364485315,-2.033000201,75.63451777,5.076142132,40.60913706,27.91878173
41051010001,6104,0.2341087811,0.1549803408,0.4534883721,0.4572411533,0.064,0.096,0.167,5987.296462,2471.81964,0.1540198039,0.03286384977,0.6916525822,86,0.7281646327,0.7087155963,0.1099335369,0.1335190039,0.05109489051,0.3050458716,4.257650806,0.6873062333,1.203686129,6.148643168,97.96954315,77.15736041,83.24873096,95.93908629
41051010002,5822,0.2296461697,0.1963242872,0.1732283465,0.4536241841,0.045,0.07,0.117,8587.910066,3193.546083,0.2722685811,0.07105136822,0.5142966875,84,0.7456675616,0.4019237375,0.06004366812,0.1243558914,0.02918781726,0.2107523188,1.339931499,-0.1731307501,0.7976141438,1.964414892,72.58883249,37.56345178,73.60406091,74.11167513
41051010101,5172,0.2024361949,0.1020881671,0.4640151515,0.5543310131,0.051,0.076,0.127,5548.398599,2072.603653,0.2431472005,0.1895465995,0.4819395466,84,0.8361227336,0.5725058005,0.05258866694,0.1105955143,0.009769997965,0.3837973705,0.9304816873,-0.414487295,1.03945985,1.555454242,67.00507614,30.45685279,78.68020305,69.54314721
41051010102,3964,0.120332997,0.1465691221,0.4457831325,0.4422300706,0.051,0.076,0.127,5313.578336,2526.764673,0.2575690132,0.1598689002,0.4882592862,84,0.7902657701,0.5179112008,0.05024862601,0.1276488396,0.002093692751,0.2926337033,0.8251248279,-0.4815694346,1.102866678,1.446422072,64.97461929,29.94923858,79.69543147,68.52791878
41051010200,6362,0.171015404,0.213769255,0.3448529412,0.443571204,0.059,0.092,0.14,1033.702219,431.7112224,0.1635083288,0.3606905035,0.2158548585,76,0.7508389262,0.238289846,0.06620265458,0.2241433511,0.04467465199,0.4702923609,3.083108135,-4.579513883,0.09877465831,-1.39763109,91.87817259,0.5076142132,57.36040609,37.05583756
41051010303,5652,0.2740622788,0.08846426044,0.292,0.5086694975,0.043,0.069,0.119,3257.90342,1083.085726,0.1550286465,0.2519724694,0.4712842035,85,0.7524193548,0.3823425336,0.06452249408,0.1627742392,0.08454867954,0.3397027601,0.5575230226,-0.1212798049,0.915970488,1.352213706,59.89847716,39.08629442,77.15736041,66.49746193
41051010304,4534,0.3297309219,0.08094397883,0.1335149864,0.4419938244,0.05,0.083,0.147,5637.776429,1796.777005,0.2032491579,0.08657465496,0.5884274362,85,0.8700284091,0.5185266873,0.08287705326,0.2692986326,0.06438085841,0.6186590207,2.120066013,0.008129664464,1.286125122,3.4143208,79.18781726,45.17766497,86.29441624,84.26395939
41051010305,3589,0.2574533296,0.1103371413,0.09595959596,0.5528002229,0.046,0.072,0.12,4005.447489,1483.209728,0.3353273702,0.354488279,0.3505574614,81,0.728606357,0.2630259125,0.03856422427,0.06770688214,0.01305250667,0.175257732,0.07690253148,-1.950097892,0.08137851814,-1.791816842,52.28426396,10.15228426,56.34517766,33.50253807
41051010306,5375,0.3445581395,0.06102325581,0.2408536585,0.480372093,0.043,0.071,0.129,9404.981784,2855.614934,0.1901937588,0.1064060803,0.5196905537,84,0.7374319565,0.2135813953,0.03019349351,0.1224186047,0.03678503083,0.240372093,1.277504251,0.1183115301,0.3808989964,1.776714778,71.57360406,52.28426396,64.46700508,73.0964467
41051010402,6709,0.2542852884,0.145774333,0.1421267894,0.5209420182,0.05,0.075,0.122,609.271195,181.9912766,0.3394402826,0.8154385965,0.07797318296,82,0.7441397612,0.2429572216,0.03209405783,0.07348338053,0.002220459952,0.1781189447,1.12525129,-1.491560187,0.09340441532,-0.2729044816,69.03553299,14.21319797,56.85279188,52.79187817
41051010405,6097,0.2023946203,0.1438412334,0.409350057,0.4894210267,0.059,0.089,0.15,7746.419249,3138.208224,0.1931857696,0.03803888419,0.584454776,85,0.75,0.4725274725,0.03443429375,0.1886173528,0.04580554581,0.3518123667,2.694612811,0.3094961046,1.597515484,4.6016244,87.30964467,60.40609137,91.37055838,90.35532995
41051010407,5389,0.2046761922,0.1846353683,0.2050251256,0.5227314901,0.053,0.077,0.126,4785.315164,1625.888303,0.3544080702,0.3780978606,0.3383266257,83,0.805749597,0.3900538133,0.09760916815,0.08313230655,0.01432938479,0.2865095565,1.465614004,-0.9656971191,-0.2710837458,0.2288331391,74.11167513,21.31979695,44.16243655,58.88324873
41051010408,6794,0.3167500736,0.08168972623,0.3081081081,0.4718869591,0.051,0.078,0.147,6886.792897,2256.402854,0.1894511707,0.1941871607,0.5134813159,85,0.8316326531,0.451574919,0.1027250206,0.2119517221,0.0455821635,0.3675301737,2.359558749,0.3603776044,0.8802038877,3.600140241,84.26395939,62.94416244,76.14213198,86.29441624
41051010410,4567,0.2395445588,0.1051018174,0.3645833333,0.4525947011,0.058,0.085,0.155,9338.768668,3795.216696,0.1770863187,0.2875318066,0.4542239186,82,0.7968804159,0.7076855704,0.1508909975,0.0906503175,0.03184860374,0.3781475805,2.615867447,-0.3210291031,0.1197455277,2.414583872,86.29441624,34.01015228,58.37563452,78.17258883
41051010411,3447,0.2384682332,0.213519002,0.2690217391,0.4540179867,0.08,0.108,0.172,8273.60833,3144.307198,0.1676741996,0.02936630603,0.6488794436,84,0.8795342588,0.5442413693,0.1095146871,0.1169132579,0.01947637292,0.350159559,5.838610626,0.08537814918,0.4501639559,6.374152731,99.49238579,48.73096447,66.49746193,96.95431472
41051010412,3122,0.2463164638,0.131966688,0.2597087379,0.531710442,0.039,0.062,0.106,1971.355369,630.8084605,0.2505577918,0.4393654769,0.2592277186,83,0.7011754069,0.1790518898,0.02042253521,0.03203074952,0.01021126761,0.09385009609,-0.03689289371,-1.279262493,-0.09925555469,-1.415410942,51.26903553,16.75126904,49.74619289,36.54822335
41051010413,5030,0.2572564612,0.1190854871,0.1185308848,0.4638170974,0.039,0.062,0.106,8944.38207,3241.671673,0.2554151397,0.129281768,0.503441989,84,0.6994439567,0.3640159046,0.0825096691,0.06739562624,0.005156854319,0.2047713718,-0.2389662472,0.02459662124,-0.3471732071,-0.561542833,45.68527919,47.20812183,41.11675127,49.23857868
41051010500,4171,0.2215296092,0.1733397267,0.1313969571,0.4893310957,0.058,0.083,0.128,101.0431173,34.78732112,0.6292184195,0.938176265,0.005414498397,78,0.5660770031,0.1416926397,0.05220987335,0.06089666747,0.001804123711,0.2109805802,1.911817483,-3.564530978,-1.234764521,-2.887478017,78.17258883,2.538071066,13.70558376,16.24365482
41051010601,1514,0,0.3328929987,0.6448412698,0.3692206077,0.082,0.122,0.176,19501.85297,14787.40239,0.1067890503,0,0.9289237668,83,0.599537037,0.7093791281,0.2100396301,0.09577278732,0.01254953765,0.2232496697,6.282277819,2.83572298,-0.7916404858,8.326360313,100,94.41624365,28.42639594,99.49238579
41051010602,1885,0.007427055703,0.1320954907,0.7991967871,0.575596817,0.082,0.122,0.176,6910.929003,4227.215459,0.1277947967,0.007060900265,0.6942541924,84,0.8055248619,0.6328912467,0.3001364256,0.1596816976,0,0.3623342175,3.404373846,0.1041736905,-1.895344527,1.613203009,92.89340102,50.25380711,2.538071066,71.57360406
41051980000,0,0,0,0,0,NA,NA,NA,0,0,0.06325095253,0.01291948952,0.6450527808,84,0,0,0,0,0,0,-9.071720835,-1.208601479,-2.27331385,-12.55363616,0.5076142132,18.27411168,1.52284264,0.5076142132